<?xml version="1.0" encoding="UTF-8"?>
<beans xmlns="http://www.springframework.org/schema/beans"
       xmlns:xsi="http://www.w3.org/2001/XMLSchema-instance"
       xmlns:p="http://www.springframework.org/schema/p"
       xmlns:context="http://www.springframework.org/schema/context"
       xmlns:util="http://www.springframework.org/schema/util"
       xmlns:c="http://www.springframework.org/schema/c"
       xmlns:aop="http://www.springframework.org/schema/aop"
       xmlns:mvc="http://www.springframework.org/schema/mvc"
       xsi:schemaLocation="http://www.springframework.org/schema/beans http://www.springframework.org/schema/beans/spring-beans.xsd
        http://www.springframework.org/schema/aop http://www.springframework.org/schema/aop/spring-aop.xsd
        http://www.springframework.org/schema/util http://www.springframework.org/schema/util/spring-util.xsd
        http://www.springframework.org/schema/mvc http://www.springframework.org/schema/mvc/spring-mvc.xsd
        http://www.springframework.org/schema/context http://www.springframework.org/schema/context/spring-context.xsd">

    <description>
        This is the main Spring configuration file with some of the main "core" classes defined. You shouldn't really
        modify this unless you know what you're doing!
    </description>

    <context:component-scan base-package="org.jasig.cas" />
    <mvc:annotation-driven />

    <bean id="handlerMappingC"
          class="org.springframework.web.servlet.handler.SimpleUrlHandlerMapping"
          p:alwaysUseFullPath="true">
        <property name="mappings">
            <util:properties>
                <prop key="/*.html">passThroughController</prop>
            </util:properties>
        </property>
    </bean>

    <bean id="passThroughController" class="org.springframework.web.servlet.mvc.UrlFilenameViewController"/>
    <bean class="org.springframework.web.servlet.mvc.SimpleControllerHandlerAdapter"/>

    <alias name="anyAuthenticationPolicy" alias="authenticationPolicy" />
    <util:map id="authenticationHandlersResolvers"/>
    <util:list id="authenticationMetadataPopulators" />
    <util:list id="monitorsList" />
    <alias name="defaultTicketRegistry" alias="ticketRegistry" />
    <util:map id="uniqueIdGeneratorsMap"/>
    <alias name="ticketGrantingTicketExpirationPolicy" alias="grantingTicketExpirationPolicy" />
    <alias name="multiTimeUseOrTimeoutExpirationPolicy" alias="serviceTicketExpirationPolicy" />
    <util:list id="serviceFactoryList" />
    <alias name="acceptAnyAuthenticationPolicyFactory" alias="authenticationPolicyFactory" />
    <alias name="defaultPrincipalFactory" alias="principalFactory" />
	<alias name="tgcCipherExecutor" alias="defaultCookieCipherExecutor" />
    <alias name="defaultAuthenticationTransactionManager" alias="authenticationTransactionManager" />
    <alias name="defaultPrincipalElectionStrategy" alias="principalElectionStrategy" />
</beans>
